id,name,name_kana,facebook_name,affiliation,email
98,hoge,fuga,facebook,piyo,facebook2@gmail.com
99,test,fuga,test,piyo,facebook2@gmail.com
100,テスト3,test,facebook3,piyo,facebook3@gmail.com
101,テスト4,test,facebook4,piyo,facebook3@gmail.com
1,テスト5,test,facebook5,piyo,facebook3@gmail.com
102,テスト6,test,facebookerror,piyo,facebook6@example.com
103,テスト7,test7,success,piyo,facebook7@example.com
104,テスト8,test8,facebook8,aff8,test@example.com
105,テスト9,test9,facebook9,aff9,test@example.com
106,テスト10,test10,facebook10,aff10,test@example.com
107,テスト11,test11,facebook11,aff11,test@example.com
108,テスト12,test12,facebook12,aff12,test@example.com
109,テスト13,test13,facebook13,aff13,test@example.com
110,テスト14,test14,facebook14,aff14,test@example.com
111,テスト15,test15,facebook15,aff15,test@example.com
112,テスト16,test16,facebook16,aff16,test@example.com
113,テスト17,test17,facebook17,aff17,test@example.com
114,テスト18,test18,facebook18,aff18,test@example.com
115,テスト19,test19,facebook19,aff19,test@example.com
116,テスト20,test20,facebook20,aff20,test@example.com
117,テスト21,test21,facebook21,aff21,test@example.com
118,テスト22,test22,facebook22,aff22,test@example.com
119,テスト23,test23,facebook23,aff23,test@example.com
120,テスト24,test24,facebook24,aff24,test@example.com
121,テスト25,test25,facebook25,aff25,test@example.com
122,テスト26,test26,facebook26,aff26,test@example.com
123,テスト27,test27,facebook27,aff27,test@example.com
124,テスト28,test28,facebook28,aff28,test@example.com
125,テスト29,test29,facebook29,aff29,test@example.com
126,テスト30,test30,facebook30,aff30,test@example.com
127,テスト31,test31,facebook31,aff31,test@example.com
128,テスト32,test32,facebook32,aff32,test@example.com
129,テスト33,test33,facebook33,aff33,test@example.com
130,テスト34,test34,facebook34,aff34,test@example.com
131,テスト35,test35,facebook35,aff35,test@example.com
132,テスト36,test36,facebook36,aff36,test@example.com
133,テスト37,test37,facebook37,aff37,test@example.com
134,テスト38,test38,facebook38,aff38,test@example.com
135,テスト39,test39,facebook39,aff39,test@example.com
136,テスト40,test40,facebook40,aff40,test@example.com
137,テスト41,test41,facebook41,aff41,test@example.com
138,テスト42,test42,facebook42,aff42,test@example.com
139,テスト43,test43,facebook43,aff43,test@example.com
140,テスト44,test44,facebook44,aff44,test@example.com
141,テスト45,test45,facebook45,aff45,test@example.com
142,テスト46,test46,facebook46,aff46,test@example.com
143,テスト47,test47,facebook47,aff47,test@example.com
144,テスト48,test48,facebook48,aff48,test@example.com
145,テスト49,test49,facebook49,aff49,test@example.com
146,テスト50,test50,facebook50,aff50,test@example.com
147,テスト51,test51,facebook51,aff51,test@example.com
148,テスト52,test52,facebook52,aff52,test@example.com
149,テスト53,test53,facebook53,aff53,test@example.com
150,テスト54,test54,facebook54,aff54,test@example.com
151,テスト55,test55,facebook55,aff55,test@example.com
152,テスト56,test56,facebook56,aff56,test@example.com
153,テスト57,test57,facebook57,aff57,test@example.com
154,テスト58,test58,facebook58,aff58,test@example.com
155,テスト59,test59,facebook59,aff59,test@example.com
156,テスト60,test60,facebook60,aff60,test@example.com
157,テスト61,test61,facebook61,aff61,test@example.com
158,テスト62,test62,facebook62,aff62,test@example.com
159,テスト63,test63,facebook63,aff63,test@example.com
160,テスト64,test64,facebook64,aff64,test@example.com
161,テスト65,test65,facebook65,aff65,test@example.com
162,テスト66,test66,facebook66,aff66,test@example.com